transaction_time,count
06:25,448
21:22,433
21:16,433
22:22,433
10:43,432
08:30,432
08:22,431
19:23,431
13:09,429
02:58,429
04:07,429
05:16,429
07:00,428
21:53,428
14:02,427
20:55,427
00:28,427
23:43,427
04:57,426
12:59,426
01:29,426
20:15,425
16:11,424
11:29,424
15:58,424
16:36,424
06:36,424
08:46,424
16:16,423
22:33,423
20:35,423
14:23,422
15:39,422
04:29,422
06:41,422
04:19,422
20:12,421
04:53,421
00:58,421
17:05,421
15:50,420
03:46,420
21:02,419
14:56,419
22:16,419
00:57,419
01:59,419
18:12,419
20:13,418
16:04,418
05:49,418
15:01,418
01:14,418
07:27,418
01:58,417
22:47,417
16:59,416
06:06,416
09:10,416
01:25,416
21:50,416
19:53,416
06:28,416
16:55,416
22:00,415
23:12,415
08:56,415
08:43,415
10:19,415
01:33,415
10:38,415
01:16,415
00:11,415
23:49,414
09:26,414
10:58,414
13:24,414
06:05,414
14:42,414
13:26,414
04:58,414
13:38,414
11:06,414
08:33,414
20:32,414
08:19,414
01:13,413
02:13,413
13:41,413
01:04,413
00:30,413
08:35,413
04:54,413
20:50,413
17:31,413
23:51,412
07:46,412
23:26,412
03:22,412
15:30,412
18:02,412
03:33,412
12:25,411
03:11,411
10:17,411
15:18,411
15:42,411
07:53,411
15:33,411
12:20,411
03:43,410
06:11,410
16:19,410
14:51,410
11:38,410
11:32,410
12:24,410
07:21,410
08:24,410
00:51,410
05:00,410
10:32,410
08:44,410
08:39,410
10:33,409
01:17,409
04:12,409
11:01,409
00:24,409
08:49,409
09:55,409
08:13,409
20:19,409
09:42,408
19:57,408
03:03,408
23:08,408
17:00,408
20:09,408
18:09,408
21:46,408
05:47,407
07:34,407
08:06,407
01:10,407
12:36,407
20:37,407
11:05,407
10:37,407
11:34,407
05:01,407
10:27,407
08:54,407
07:06,407
08:58,407
12:46,407
00:45,406
22:17,406
22:50,406
17:15,406
09:15,406
02:12,406
06:18,406
23:23,406
00:56,406
23:06,406
08:20,406
22:06,406
09:27,406
21:52,406
12:39,406
16:44,406
09:51,406
20:27,406
14:24,405
11:59,405
13:40,405
17:42,405
11:41,405
02:33,405
11:08,405
13:53,405
12:15,405
16:17,405
04:44,405
03:06,405
10:35,405
23:15,404
17:43,404
13:22,404
19:05,404
15:02,404
01:40,404
11:21,404
06:24,404
18:54,404
20:22,404
23:47,404
02:09,404
10:40,404
15:16,404
16:33,404
00:16,403
10:25,403
21:04,403
20:26,403
06:39,403
02:42,403
19:14,403
23:59,403
07:55,403
03:09,403
19:51,403
20:01,403
18:53,403
00:26,403
16:43,402
11:35,402
02:20,402
06:59,402
01:52,402
23:32,402
09:43,402
05:08,402
06:07,402
00:55,402
15:59,402
14:06,402
11:42,402
01:41,402
11:15,402
22:12,402
21:41,402
20:17,401
15:31,401
04:02,401
04:15,401
07:01,401
13:29,401
08:01,401
03:50,401
09:14,401
23:13,401
17:11,401
20:45,401
22:14,401
19:16,401
18:13,401
19:17,401
17:53,401
10:47,401
09:09,401
12:21,401
22:46,401
16:18,401
15:13,401
19:03,401
17:38,401
12:18,401
18:17,400
02:05,400
20:20,400
01:38,400
08:31,400
10:59,400
13:44,400
02:04,400
21:47,400
21:12,400
08:14,400
08:23,400
17:30,400
23:46,400
18:25,400
23:37,400
05:36,400
19:40,400
15:55,400
05:54,400
16:37,400
10:23,400
23:02,400
18:03,399
20:38,399
11:10,399
23:03,399
19:38,399
11:26,399
10:04,399
19:11,399
02:40,399
02:59,399
01:03,399
23:44,399
23:38,399
10:03,399
07:07,399
19:48,399
03:54,399
17:59,399
18:37,398
17:52,398
00:08,398
21:10,398
11:50,398
15:49,398
09:19,398
17:06,398
23:56,398
06:58,398
07:05,398
03:08,398
22:49,398
10:29,398
10:51,398
18:51,398
14:07,398
14:34,398
08:34,398
04:11,397
16:28,397
21:42,397
07:57,397
07:24,397
10:02,397
22:37,397
07:22,397
03:24,397
22:27,397
07:40,397
03:39,397
07:20,397
15:10,397
19:20,397
09:45,397
21:39,397
11:20,397
18:22,397
12:03,397
09:21,396
21:06,396
12:12,396
17:49,396
17:37,396
20:39,396
12:45,396
23:20,396
14:18,396
01:34,396
11:18,396
02:18,396
10:45,396
12:00,396
17:35,396
21:05,396
05:31,396
04:01,396
02:51,396
17:07,396
03:05,396
22:48,396
14:08,396
10:31,396
23:41,396
22:15,395
12:32,395
04:56,395
02:27,395
13:31,395
12:11,395
00:13,395
04:40,395
17:18,395
21:03,395
07:26,395
22:32,395
23:36,395
14:17,395
16:12,395
11:53,395
15:21,395
13:11,395
00:36,395
22:56,395
15:28,394
02:22,394
17:09,394
19:35,394
18:27,394
19:07,394
22:59,394
07:09,394
14:26,394
11:24,394
16:47,394
14:20,394
14:12,394
16:08,394
09:06,394
08:40,394
18:15,394
22:09,394
01:19,394
16:30,393
20:54,393
04:20,393
19:08,393
11:51,393
22:24,393
14:55,393
17:27,393
11:56,393
20:28,393
09:17,393
15:34,393
18:08,393
08:29,393
11:25,393
09:29,393
03:04,393
09:04,393
04:03,393
17:58,393
19:15,393
04:34,393
07:33,393
00:19,393
15:14,393
05:15,392
20:07,392
06:50,392
12:27,392
21:09,392
22:21,392
09:53,392
08:16,392
00:09,392
09:24,392
10:28,392
00:37,392
12:41,392
01:09,392
06:55,392
04:22,392
11:31,392
21:17,392
00:48,392
00:35,392
18:20,392
22:40,392
21:59,392
04:08,392
13:49,392
09:46,392
03:37,392
05:37,391
03:32,391
11:33,391
06:03,391
04:45,391
22:03,391
15:11,391
18:16,391
00:22,391
02:47,391
15:36,391
01:43,391
02:30,391
16:49,391
11:44,391
14:31,391
18:34,391
00:33,391
17:25,391
23:21,391
22:28,391
04:36,391
05:48,391
12:01,391
05:53,391
17:54,391
14:01,391
06:44,391
03:36,391
06:53,391
17:12,390
16:42,390
12:14,390
02:03,390
02:39,390
06:09,390
04:50,390
17:50,390
16:35,390
14:44,390
06:13,390
03:21,390
20:43,390
14:58,390
15:25,390
00:40,390
05:27,390
02:56,390
16:48,390
23:24,390
06:37,390
01:02,390
20:41,390
04:13,390
21:43,390
03:00,389
07:36,389
16:06,389
01:23,389
13:27,389
04:59,389
16:15,389
08:55,389
12:53,389
15:51,389
15:38,389
11:00,389
13:17,389
12:55,389
03:28,389
05:05,389
01:18,389
21:19,389
08:51,389
19:02,389
14:04,389
08:32,389
02:49,389
23:33,389
02:38,389
20:59,389
16:02,389
09:13,389
18:04,389
21:49,388
06:40,388
20:48,388
16:57,388
22:44,388
06:01,388
08:15,388
18:29,388
22:55,388
10:41,388
02:10,388
02:53,388
09:41,388
17:24,388
12:02,388
17:45,388
17:13,388
01:31,388
03:07,388
03:45,388
19:54,388
03:56,388
07:15,388
21:14,388
08:25,388
13:23,388
03:26,388
02:41,388
09:11,387
08:42,387
14:14,387
07:03,387
19:37,387
12:56,387
16:51,387
13:37,387
23:57,387
05:10,387
17:57,387
23:25,387
12:13,387
14:38,387
15:46,387
02:15,387
16:27,387
22:31,387
01:44,387
06:51,387
12:22,387
07:28,387
03:40,387
02:35,387
10:06,387
19:33,387
15:12,387
21:32,386
00:43,386
00:27,386
16:40,386
03:34,386
01:36,386
22:02,386
05:59,386
07:02,386
06:17,386
05:22,386
17:39,386
18:19,386
13:55,386
18:44,386
23:39,386
17:02,386
02:01,386
13:02,386
10:22,386
06:15,386
06:56,386
04:26,386
06:29,386
00:18,386
00:12,386
23:40,385
07:12,385
14:19,385
13:25,385
15:43,385
14:10,385
00:54,385
04:17,385
09:01,385
11:09,385
02:21,385
17:55,385
20:34,385
10:14,385
21:11,385
17:29,385
19:50,385
07:43,385
14:30,385
15:26,385
17:44,385
12:19,385
05:23,385
16:09,385
04:04,385
23:17,385
02:36,385
03:51,385
18:06,385
05:29,384
05:24,384
11:13,384
23:10,384
22:41,384
19:36,384
20:29,384
15:48,384
14:22,384
17:23,384
03:20,384
22:18,384
12:30,384
22:43,384
07:14,384
22:19,384
22:26,384
10:21,384
10:07,384
10:49,384
23:35,384
04:55,384
17:04,384
18:57,384
14:37,384
13:19,384
00:00,384
05:32,384
07:30,384
00:38,384
06:22,384
06:16,384
18:11,383
19:00,383
11:45,383
16:52,383
10:34,383
09:48,383
12:51,383
23:28,383
23:45,383
05:45,383
01:20,383
05:43,383
09:39,383
19:29,383
23:16,383
08:36,383
07:50,383
15:44,383
11:07,383
11:36,383
11:43,383
17:21,383
11:14,383
16:21,383
08:38,383
04:28,383
13:07,382
01:05,382
04:24,382
13:47,382
15:06,382
02:52,382
15:22,382
14:09,382
15:07,382
11:11,382
13:54,382
23:07,382
21:55,382
06:31,382
14:50,382
07:13,382
13:50,382
22:04,382
15:35,382
12:17,382
15:37,382
10:00,382
01:06,382
11:47,382
03:19,381
01:39,381
21:58,381
12:23,381
19:09,381
20:05,381
13:10,381
11:52,381
20:53,381
21:38,381
01:00,381
09:36,381
08:48,381
15:40,381
01:53,381
10:09,381
11:30,381
13:51,381
17:40,381
10:12,381
21:21,381
12:40,381
01:27,381
15:29,381
04:32,381
07:37,381
21:24,381
03:13,381
04:42,381
12:50,381
18:32,381
12:35,380
23:18,380
21:20,380
19:27,380
19:13,380
08:21,380
04:33,380
23:48,380
00:29,380
07:38,380
16:46,380
19:06,380
19:24,380
16:50,380
02:16,380
19:47,380
02:44,380
21:13,380
04:05,380
16:45,380
08:10,380
13:46,380
10:54,380
02:50,380
08:18,380
00:52,380
23:00,380
16:10,380
20:46,380
17:01,380
10:50,380
05:14,380
23:42,380
02:17,380
04:09,380
19:01,380
22:52,380
08:53,380
13:43,380
04:06,380
05:38,380
08:03,379
00:46,379
07:41,379
03:58,379
10:01,379
20:40,379
04:16,379
10:42,379
08:28,379
16:03,379
10:20,379
17:41,379
13:21,379
21:18,379
20:47,379
14:53,379
00:49,379
07:58,379
09:34,379
00:23,379
11:40,379
19:28,379
15:27,379
00:20,379
16:39,379
12:47,379
15:15,379
01:51,378
06:14,378
12:04,378
02:57,378
00:34,378
03:35,378
15:00,378
06:45,378
15:52,378
20:52,378
06:48,378
06:49,378
05:07,378
17:19,378
19:44,378
12:58,378
16:22,378
07:59,378
04:18,378
07:42,378
10:53,378
09:32,378
07:10,378
09:38,378
20:02,378
06:27,377
12:33,377
15:56,377
10:30,377
20:31,377
17:17,377
21:35,377
21:25,377
01:24,377
18:38,377
20:03,377
02:23,377
14:16,377
23:14,377
16:29,377
14:21,377
06:10,377
18:42,377
01:45,377
20:14,377
10:52,377
13:58,377
12:26,376
21:29,376
21:26,376
23:58,376
05:44,376
04:14,376
05:06,376
17:26,376
15:17,376
22:42,376
02:19,376
01:57,376
22:29,376
20:06,376
21:40,376
03:15,376
23:55,376
23:09,376
13:32,376
14:35,376
17:14,376
03:47,376
01:37,376
08:17,376
19:10,376
04:35,375
16:53,375
19:52,375
22:58,375
06:30,375
04:48,375
04:21,375
18:21,375
19:18,375
07:48,375
20:24,375
16:20,375
03:25,375
23:29,375
09:59,375
14:25,375
01:54,375
04:23,375
01:15,375
21:23,375
12:37,375
13:08,375
03:38,375
19:55,375
20:25,374
07:49,374
00:10,374
06:42,374
05:02,374
13:03,374
09:07,374
10:16,374
12:07,374
08:07,374
05:51,374
04:47,374
16:58,374
13:14,374
07:51,374
14:59,374
18:56,374
03:31,374
14:13,374
09:49,374
21:48,374
06:33,373
13:45,373
03:55,373
07:47,373
06:54,373
22:38,373
16:25,373
09:02,373
14:49,373
03:49,373
09:20,373
13:04,373
08:08,373
19:32,373
15:03,373
01:48,373
19:42,373
03:23,373
12:49,373
20:33,373
08:27,373
12:10,372
13:36,372
12:05,372
00:42,372
07:39,372
00:05,372
02:46,372
06:04,372
22:11,372
06:23,372
01:42,372
23:30,372
01:12,372
23:19,372
20:51,372
05:03,372
19:49,372
20:36,372
21:07,372
19:43,372
04:38,372
07:16,372
00:17,372
23:52,372
05:50,372
14:39,372
00:53,372
22:34,372
04:30,372
14:33,372
13:52,371
17:10,371
16:07,371
11:02,371
00:01,371
13:15,371
11:39,371
14:43,371
05:28,371
18:31,371
03:48,371
22:01,371
21:27,371
18:05,371
17:51,371
05:25,371
12:08,371
21:00,371
03:27,371
09:08,371
18:39,371
20:11,371
18:10,371
13:28,371
19:56,371
02:55,371
07:52,371
22:20,371
05:58,371
03:59,371
01:01,371
09:30,371
06:20,371
09:56,370
18:01,370
05:13,370
12:28,370
02:24,370
06:34,370
13:00,370
03:29,370
03:52,370
07:44,370
07:04,370
16:41,370
22:45,370
02:14,370
10:56,370
04:41,370
05:46,370
18:47,370
18:40,370
12:34,370
15:24,370
05:26,370
14:48,370
08:59,370
07:18,370
12:09,370
00:02,369
06:57,369
11:17,369
07:45,369
09:58,369
20:04,369
06:02,369
05:19,369
07:56,369
17:34,369
00:06,369
05:17,369
08:00,369
17:03,369
10:10,369
04:37,369
07:11,369
02:28,369
18:14,369
03:30,369
19:21,369
10:48,369
05:40,369
11:19,368
02:48,368
10:26,368
10:46,368
16:26,368
17:46,368
10:11,368
11:48,368
01:46,368
22:07,368
20:08,368
05:04,368
13:39,368
11:46,368
01:22,368
04:27,368
00:41,368
10:36,368
19:46,368
10:08,368
08:04,368
08:50,367
08:05,367
13:06,367
14:57,367
09:18,367
07:17,367
02:11,367
17:22,367
15:53,367
00:15,367
13:13,367
03:10,367
08:11,367
03:14,367
15:47,367
02:25,367
14:28,367
21:08,367
03:12,367
14:47,367
06:21,367
21:36,367
10:05,367
10:24,367
18:28,366
11:16,366
18:43,366
02:06,366
07:19,366
10:39,366
07:54,366
01:55,366
07:25,366
14:54,366
04:00,366
12:43,366
11:03,366
18:59,366
22:35,366
21:34,366
12:29,366
09:12,366
08:09,366
02:08,366
10:13,366
14:05,366
07:32,366
00:50,366
18:07,366
05:20,366
15:23,366
20:56,366
21:28,365
15:57,365
00:21,365
16:23,365
09:57,365
04:49,365
09:40,365
18:45,365
16:32,365
00:31,365
23:01,365
14:03,365
23:11,365
23:50,365
08:47,365
22:05,365
19:59,365
20:21,365
09:22,364
13:20,364
05:12,364
13:56,364
22:25,364
23:05,364
14:36,364
11:55,364
00:07,364
18:41,364
20:10,364
18:48,364
14:32,364
08:45,364
19:25,364
11:12,364
11:23,364
12:38,364
01:21,363
19:41,363
03:57,363
15:04,363
03:01,363
05:56,363
18:26,363
04:10,363
09:52,363
03:18,363
05:34,363
14:27,363
18:18,363
05:52,363
19:22,363
02:34,363
20:00,363
10:55,362
16:34,362
02:43,362
19:58,362
14:40,362
04:25,362
18:36,362
21:54,362
23:27,362
12:54,362
19:45,362
04:39,362
01:28,362
04:52,362
05:35,362
15:19,362
00:25,362
01:49,362
03:17,361
18:58,361
14:52,361
18:00,361
07:23,361
22:51,361
01:50,361
08:37,361
00:03,361
23:22,361
18:50,361
01:32,361
14:15,361
20:23,361
16:31,361
21:31,361
11:58,361
08:12,361
10:44,361
01:30,361
21:37,361
18:49,361
20:16,361
16:24,360
22:39,360
04:46,360
01:08,360
14:29,360
13:05,360
06:47,360
01:35,360
19:34,360
22:54,360
13:18,360
17:33,360
15:05,360
13:57,360
06:26,360
13:42,360
15:54,360
09:35,359
02:00,359
05:55,359
20:58,359
23:34,359
22:30,359
11:04,359
16:01,359
16:56,359
08:26,359
11:49,358
13:59,358
06:46,358
01:56,358
18:23,358
10:15,358
00:32,358
03:41,358
07:29,358
08:52,358
15:41,358
22:08,358
13:16,357
11:27,357
04:31,357
17:56,357
18:52,357
11:22,357
11:28,357
06:32,357
08:02,357
09:03,357
03:02,356
09:16,356
07:35,356
09:28,356
09:33,356
09:23,356
12:16,356
13:34,356
09:54,356
09:44,356
15:20,356
00:14,356
02:54,356
16:05,356
06:08,356
07:31,355
19:19,355
18:33,355
01:47,355
06:43,355
20:42,355
06:19,355
11:57,355
15:08,355
17:08,355
13:35,354
19:30,354
23:31,354
20:57,354
11:54,354
20:30,354
17:16,354
22:10,354
12:31,354
19:26,354
21:45,353
22:36,353
22:53,353
22:23,353
20:44,353
05:33,353
20:18,353
06:00,352
00:04,352
17:28,352
05:57,352
03:44,352
09:05,352
22:13,352
12:06,352
06:38,352
01:07,351
14:00,351
09:31,351
10:57,351
16:00,351
23:04,350
21:44,350
09:00,350
17:47,350
16:14,350
19:12,350
19:04,350
06:35,350
04:43,350
11:37,350
09:25,350
12:52,349
13:33,349
17:36,349
09:50,349
00:47,349
15:09,349
09:37,349
08:57,348
00:39,348
21:15,348
20:49,348
19:39,348
13:48,347
17:32,347
16:13,347
01:11,347
02:45,347
03:42,347
18:46,347
16:54,346
12:57,346
03:53,346
13:01,346
21:57,346
18:24,346
12:44,345
23:54,345
05:11,345
12:48,345
02:02,345
05:18,344
01:26,344
02:37,344
06:52,343
13:12,343
21:56,343
05:41,342
14:11,342
03:16,342
12:42,342
02:29,342
17:48,342
02:07,341
19:31,341
21:30,340
05:21,340
07:08,339
14:41,339
23:53,339
13:30,339
05:42,339
05:09,338
18:30,338
00:59,337
05:39,337
15:45,336
15:32,336
02:26,335
21:51,334
14:46,334
00:44,333
17:20,333
08:41,333
21:33,333
06:12,333
14:45,332
02:32,332
21:01,332
04:51,330
02:31,330
10:18,329
05:30,329
18:35,328
09:47,326
16:38,324
22:57,322
18:55,316
