transaction_date,count
2023-11-11,373
2019-05-18,366
2021-10-25,366
2022-08-14,351
2022-11-27,351
2019-10-18,349
2020-03-24,349
2020-01-17,346
2021-11-10,346
2023-07-12,346
2019-11-18,345
2023-06-05,345
2023-07-31,344
2021-08-25,343
2022-11-23,343
2020-09-18,342
2023-01-08,342
2019-09-16,341
2021-06-06,341
2022-08-20,341
2022-09-29,341
2019-06-02,340
2019-08-22,340
2019-08-29,340
2019-10-13,340
2019-12-16,340
2020-01-05,340
2020-08-06,340
2022-03-26,340
2022-06-01,340
2022-11-26,340
2019-03-10,339
2021-01-15,339
2021-10-20,339
2022-10-11,339
2023-11-17,339
2019-07-24,338
2022-11-05,338
2021-07-27,337
2021-10-06,337
2023-08-05,337
2021-01-17,336
2022-04-23,336
2023-02-15,336
2020-08-28,335
2020-09-21,335
2022-04-08,335
2020-01-24,334
2021-01-01,334
2021-06-15,334
2021-06-18,334
2021-10-01,334
2021-10-14,334
2022-06-02,334
2022-06-14,334
2023-01-11,334
2023-06-06,334
2023-12-27,334
2019-01-06,333
2019-02-23,333
2019-05-21,333
2019-06-14,333
2019-10-17,333
2020-09-07,333
2021-10-28,333
2022-03-21,333
2022-06-08,333
2023-04-18,333
2023-07-25,333
2023-10-07,333
2019-10-26,332
2019-12-21,332
2020-02-01,332
2020-04-11,332
2020-09-28,332
2022-03-20,332
2022-05-12,332
2022-05-27,332
2022-11-06,332
2023-07-18,332
2019-06-28,331
2020-09-14,331
2020-12-10,331
2021-05-09,331
2021-08-06,331
2021-08-15,331
2021-10-11,331
2021-11-26,331
2022-02-04,331
2022-11-02,331
2023-08-28,331
2019-01-11,330
2020-11-20,330
2020-12-07,330
2021-05-21,330
2021-07-15,330
2021-09-12,330
2021-12-29,330
2023-07-13,330
2023-09-15,330
2023-10-03,330
2023-10-24,330
2019-03-18,329
2019-05-04,329
2019-08-01,329
2019-08-12,329
2019-09-05,329
2020-01-20,329
2020-07-02,329
2020-11-11,329
2021-06-01,329
2022-05-13,329
2022-06-29,329
2022-08-09,329
2022-12-09,329
2023-01-22,329
2023-02-01,329
2023-06-26,329
2023-12-17,329
2019-05-16,328
2019-07-10,328
2020-06-21,328
2023-05-06,328
2023-05-09,328
2023-05-19,328
2019-07-30,327
2019-08-11,327
2019-11-02,327
2020-05-02,327
2020-06-01,327
2021-11-15,327
2022-04-28,327
2023-01-28,327
2023-06-17,327
2023-07-10,327
2019-01-08,326
2019-04-17,326
2019-04-25,326
2019-05-27,326
2019-08-04,326
2019-08-07,326
2020-06-22,326
2022-06-13,326
2022-07-08,326
2022-07-30,326
2023-01-16,326
2023-08-19,326
2023-09-12,326
2019-06-18,325
2019-07-29,325
2019-10-11,325
2019-10-16,325
2020-03-15,325
2021-01-10,325
2021-03-22,325
2021-05-07,325
2021-12-12,325
2022-03-08,325
2022-04-13,325
2023-03-30,325
2023-06-14,325
2023-07-02,325
2023-09-22,325
2023-09-27,325
2023-11-08,325
2023-12-21,325
2019-08-06,324
2020-05-11,324
2020-06-27,324
2020-08-11,324
2020-09-25,324
2020-12-26,324
2021-01-03,324
2021-01-27,324
2021-02-23,324
2021-12-17,324
2022-05-24,324
2022-05-28,324
2022-08-04,324
2023-03-28,324
2023-05-14,324
2023-06-16,324
2023-06-23,324
2023-12-03,324
2023-12-05,324
2019-10-20,323
2020-01-27,323
2020-02-19,323
2020-05-19,323
2020-10-29,323
2021-05-29,323
2022-01-10,323
2022-02-16,323
2022-05-20,323
2022-09-15,323
2022-10-23,323
2023-01-31,323
2023-04-08,323
2023-04-23,323
2023-07-01,323
2023-10-20,323
2019-01-20,322
2019-02-08,322
2019-03-15,322
2019-03-31,322
2019-06-27,322
2019-07-28,322
2019-08-14,322
2019-08-18,322
2019-12-06,322
2020-02-11,322
2020-03-22,322
2020-07-29,322
2020-07-30,322
2020-08-19,322
2020-11-04,322
2020-11-09,322
2021-02-09,322
2021-04-18,322
2021-08-14,322
2021-12-02,322
2021-12-22,322
2022-03-18,322
2022-07-12,322
2022-07-22,322
2022-11-13,322
2022-12-10,322
2023-05-25,322
2023-07-17,322
2023-08-20,322
2023-12-23,322
2023-12-28,322
2019-04-07,321
2019-05-11,321
2019-07-27,321
2019-10-14,321
2020-09-03,321
2020-12-19,321
2021-03-19,321
2021-06-13,321
2021-06-24,321
2022-04-06,321
2022-05-26,321
2022-07-23,321
2022-09-08,321
2022-09-12,321
2022-11-14,321
2023-03-10,321
2023-04-15,321
2023-10-05,321
2019-01-15,320
2019-06-01,320
2019-06-12,320
2020-03-20,320
2020-04-08,320
2020-05-01,320
2020-08-15,320
2020-11-12,320
2020-11-19,320
2021-03-24,320
2021-03-25,320
2021-11-07,320
2021-11-17,320
2021-11-21,320
2022-03-02,320
2022-03-22,320
2022-06-04,320
2022-07-10,320
2022-08-16,320
2022-09-21,320
2023-05-31,320
2023-09-20,320
2019-01-07,319
2019-01-14,319
2019-03-23,319
2019-06-21,319
2019-06-29,319
2019-12-07,319
2020-02-02,319
2020-05-04,319
2020-05-07,319
2020-07-18,319
2020-07-26,319
2020-08-01,319
2021-05-08,319
2021-10-30,319
2021-11-04,319
2022-02-13,319
2022-05-18,319
2022-06-25,319
2022-08-13,319
2023-03-13,319
2019-08-21,318
2019-10-09,318
2019-12-13,318
2020-01-12,318
2020-01-16,318
2020-05-17,318
2020-06-04,318
2020-06-20,318
2020-08-02,318
2020-08-27,318
2021-01-07,318
2021-04-27,318
2021-06-10,318
2021-07-31,318
2021-08-27,318
2021-09-17,318
2021-10-03,318
2022-01-13,318
2022-01-30,318
2022-03-14,318
2022-07-29,318
2022-08-03,318
2023-01-27,318
2023-04-21,318
2023-08-07,318
2023-08-26,318
2023-10-02,318
2019-01-19,317
2019-01-22,317
2019-05-06,317
2019-09-23,317
2019-11-28,317
2019-12-29,317
2020-01-10,317
2020-01-31,317
2020-12-13,317
2021-02-19,317
2021-02-25,317
2021-03-10,317
2021-03-28,317
2021-04-08,317
2021-05-23,317
2021-10-09,317
2021-12-09,317
2022-01-11,317
2022-02-01,317
2022-07-20,317
2022-11-04,317
2022-12-20,317
2023-07-07,317
2023-08-03,317
2023-11-04,317
2019-01-09,316
2019-02-17,316
2019-03-06,316
2019-03-07,316
2019-06-13,316
2019-09-06,316
2019-10-04,316
2019-12-25,316
2020-01-06,316
2020-11-07,316
2021-01-05,316
2021-05-18,316
2021-05-26,316
2021-06-08,316
2022-06-18,316
2022-08-15,316
2022-09-16,316
2022-12-27,316
2023-01-02,316
2023-01-23,316
2023-05-28,316
2023-07-29,316
2023-08-11,316
2023-10-04,316
2023-10-09,316
2023-12-01,316
2019-02-06,315
2019-04-20,315
2019-04-22,315
2019-07-11,315
2019-08-23,315
2019-08-26,315
2019-09-04,315
2019-10-01,315
2019-10-10,315
2020-06-18,315
2020-09-10,315
2021-01-16,315
2021-03-27,315
2021-05-06,315
2021-07-18,315
2021-12-18,315
2021-12-19,315
2022-02-14,315
2022-09-09,315
2022-10-05,315
2022-11-03,315
2022-11-24,315
2022-12-05,315
2023-04-19,315
2023-04-27,315
2023-04-28,315
2023-08-14,315
2023-10-08,315
2023-11-18,315
2019-03-04,314
2019-06-07,314
2019-09-08,314
2019-09-25,314
2020-01-18,314
2020-02-27,314
2020-03-08,314
2020-08-31,314
2020-10-19,314
2021-02-15,314
2021-04-20,314
2021-05-15,314
2021-09-09,314
2021-09-10,314
2022-01-06,314
2022-03-31,314
2022-06-23,314
2022-10-18,314
2022-10-30,314
2022-11-18,314
2022-12-03,314
2022-12-28,314
2022-12-31,314
2023-01-29,314
2023-03-09,314
2023-04-03,314
2023-05-04,314
2023-11-06,314
2023-11-20,314
2019-01-10,313
2019-04-12,313
2019-05-19,313
2019-07-25,313
2019-08-03,313
2019-10-29,313
2019-11-07,313
2020-04-28,313
2020-05-16,313
2020-06-12,313
2020-06-23,313
2020-08-04,313
2020-09-08,313
2020-09-15,313
2020-11-24,313
2021-01-31,313
2021-02-04,313
2021-03-15,313
2021-04-11,313
2021-04-14,313
2021-06-21,313
2021-07-10,313
2021-08-18,313
2021-09-14,313
2021-10-22,313
2022-01-05,313
2022-01-12,313
2022-04-03,313
2022-05-03,313
2022-07-03,313
2022-07-31,313
2022-08-25,313
2022-09-10,313
2023-04-12,313
2023-05-03,313
2023-11-05,313
2023-11-22,313
2019-01-27,312
2019-02-22,312
2019-03-02,312
2019-03-27,312
2019-04-23,312
2019-05-25,312
2019-09-27,312
2019-11-12,312
2019-11-24,312
2019-12-27,312
2020-02-23,312
2020-04-09,312
2020-05-22,312
2020-05-29,312
2020-09-12,312
2021-03-05,312
2021-04-17,312
2021-09-19,312
2022-02-09,312
2022-03-07,312
2022-05-05,312
2022-05-17,312
2022-06-17,312
2022-07-02,312
2022-07-14,312
2022-07-17,312
2022-08-22,312
2022-10-10,312
2022-10-25,312
2022-12-25,312
2023-02-20,312
2023-04-26,312
2023-07-04,312
2019-02-20,311
2019-05-20,311
2019-07-23,311
2019-09-26,311
2019-10-12,311
2019-10-25,311
2019-11-05,311
2020-01-14,311
2020-01-21,311
2020-05-05,311
2020-05-10,311
2020-06-07,311
2020-07-19,311
2020-11-02,311
2021-01-08,311
2021-09-01,311
2021-09-26,311
2021-12-03,311
2022-01-23,311
2022-02-02,311
2022-03-24,311
2022-05-01,311
2022-05-23,311
2022-07-24,311
2022-08-05,311
2022-09-11,311
2022-10-07,311
2023-01-14,311
2023-02-17,311
2023-04-11,311
2023-07-11,311
2023-09-01,311
2023-09-06,311
2023-09-24,311
2023-10-10,311
2023-10-12,311
2023-11-01,311
2019-02-18,310
2019-04-27,310
2019-07-04,310
2019-07-06,310
2019-07-31,310
2019-12-03,310
2019-12-30,310
2020-01-25,310
2020-03-19,310
2020-03-21,310
2020-04-22,310
2020-07-05,310
2020-07-23,310
2020-08-12,310
2020-12-05,310
2021-01-25,310
2021-01-30,310
2021-02-16,310
2021-03-06,310
2021-03-26,310
2021-04-12,310
2021-08-22,310
2021-10-29,310
2022-06-19,310
2022-07-21,310
2022-08-23,310
2022-08-28,310
2023-05-30,310
2023-09-16,310
2023-09-26,310
2023-11-25,310
2019-04-26,309
2019-06-20,309
2019-07-13,309
2019-08-19,309
2019-09-17,309
2019-10-03,309
2019-10-30,309
2019-11-15,309
2020-03-27,309
2020-04-23,309
2020-05-27,309
2020-05-31,309
2020-07-28,309
2020-08-18,309
2020-11-13,309
2020-11-27,309
2020-12-16,309
2020-12-24,309
2021-01-29,309
2021-02-20,309
2021-04-28,309
2021-05-30,309
2021-10-08,309
2021-10-13,309
2021-12-30,309
2022-06-15,309
2022-07-04,309
2022-08-11,309
2022-10-28,309
2023-03-18,309
2023-06-12,309
2023-06-22,309
2023-08-21,309
2023-10-25,309
2023-11-12,309
2023-11-29,309
2019-01-16,308
2019-01-23,308
2019-02-26,308
2019-03-01,308
2019-04-14,308
2019-04-15,308
2019-05-26,308
2019-06-19,308
2019-12-15,308
2020-02-03,308
2020-04-04,308
2020-04-16,308
2020-06-16,308
2020-07-04,308
2020-07-13,308
2020-07-31,308
2020-11-14,308
2020-12-03,308
2021-01-09,308
2021-02-03,308
2021-03-31,308
2021-04-03,308
2021-04-16,308
2021-04-30,308
2021-08-02,308
2021-09-21,308
2021-11-16,308
2022-01-08,308
2022-01-09,308
2022-02-24,308
2022-04-02,308
2022-07-13,308
2022-08-01,308
2022-09-14,308
2023-01-03,308
2023-02-11,308
2023-02-16,308
2023-02-25,308
2023-03-26,308
2023-06-30,308
2023-08-23,308
2023-12-19,308
2019-02-27,307
2019-05-05,307
2019-08-25,307
2019-08-30,307
2019-10-19,307
2019-11-11,307
2019-11-29,307
2019-12-22,307
2019-12-23,307
2020-03-02,307
2020-05-24,307
2020-06-05,307
2020-06-09,307
2020-07-07,307
2020-08-23,307
2020-10-01,307
2020-10-22,307
2020-12-04,307
2021-02-17,307
2021-04-21,307
2021-04-23,307
2021-06-02,307
2021-06-11,307
2021-09-07,307
2021-09-20,307
2021-09-24,307
2021-09-27,307
2021-09-29,307
2021-11-02,307
2021-11-03,307
2021-12-13,307
2022-02-06,307
2022-02-08,307
2022-03-01,307
2022-03-13,307
2022-07-07,307
2022-07-09,307
2022-08-31,307
2022-09-18,307
2022-10-22,307
2022-11-01,307
2023-02-14,307
2023-03-29,307
2023-05-02,307
2023-05-26,307
2023-10-01,307
2019-04-16,306
2019-06-23,306
2019-07-03,306
2019-07-15,306
2019-12-09,306
2020-02-10,306
2020-03-31,306
2020-07-08,306
2020-08-16,306
2020-09-11,306
2020-10-09,306
2020-10-14,306
2020-10-30,306
2021-02-02,306
2021-02-12,306
2021-04-02,306
2021-04-04,306
2021-07-09,306
2021-08-20,306
2021-10-05,306
2022-03-15,306
2022-05-02,306
2022-05-21,306
2022-10-13,306
2022-11-11,306
2022-11-29,306
2023-01-19,306
2023-03-06,306
2023-03-14,306
2023-04-05,306
2023-05-20,306
2023-06-02,306
2023-06-15,306
2023-06-19,306
2023-08-18,306
2019-06-26,305
2020-04-03,305
2020-04-20,305
2020-09-19,305
2020-09-23,305
2020-12-02,305
2021-02-05,305
2021-05-12,305
2021-06-04,305
2021-06-12,305
2021-07-08,305
2021-07-23,305
2021-08-04,305
2021-08-10,305
2021-08-24,305
2021-10-21,305
2022-01-03,305
2022-01-21,305
2022-02-27,305
2022-04-11,305
2022-04-24,305
2022-06-24,305
2022-08-08,305
2022-09-24,305
2022-09-25,305
2022-10-19,305
2022-11-19,305
2022-11-20,305
2023-06-04,305
2023-06-07,305
2023-10-19,305
2023-12-08,305
2019-02-10,304
2019-02-14,304
2019-04-04,304
2019-05-01,304
2019-05-15,304
2019-06-09,304
2019-07-18,304
2019-10-15,304
2019-12-24,304
2020-03-16,304
2020-05-23,304
2020-07-06,304
2020-08-30,304
2020-09-29,304
2020-10-10,304
2020-10-24,304
2020-11-26,304
2021-02-27,304
2021-03-11,304
2021-04-07,304
2021-07-05,304
2021-10-24,304
2021-12-21,304
2022-01-20,304
2022-02-03,304
2022-06-21,304
2022-06-30,304
2022-07-16,304
2022-09-06,304
2022-09-28,304
2022-10-24,304
2022-10-26,304
2022-12-17,304
2022-12-19,304
2023-01-20,304
2023-02-04,304
2023-04-04,304
2023-05-21,304
2023-07-30,304
2023-10-23,304
2023-12-02,304
2019-02-13,303
2019-03-09,303
2019-04-19,303
2019-05-31,303
2019-07-02,303
2019-12-31,303
2020-01-04,303
2020-01-15,303
2020-02-15,303
2020-02-29,303
2020-03-07,303
2020-06-08,303
2020-07-11,303
2020-07-17,303
2020-07-24,303
2020-08-03,303
2020-10-11,303
2020-11-16,303
2020-11-30,303
2020-12-22,303
2020-12-27,303
2021-02-24,303
2021-04-29,303
2021-07-13,303
2021-07-14,303
2021-07-26,303
2021-09-03,303
2021-09-06,303
2021-09-15,303
2021-10-04,303
2021-11-13,303
2022-03-05,303
2022-06-07,303
2022-06-09,303
2022-07-18,303
2022-08-06,303
2022-08-27,303
2022-10-04,303
2022-11-17,303
2022-12-22,303
2023-01-09,303
2023-03-05,303
2023-03-08,303
2023-03-16,303
2023-03-22,303
2023-07-14,303
2023-07-20,303
2023-07-27,303
2023-08-27,303
2023-09-18,303
2023-11-30,303
2019-04-08,302
2019-05-13,302
2019-06-11,302
2019-07-26,302
2019-09-19,302
2020-02-06,302
2020-03-01,302
2020-04-24,302
2020-09-05,302
2020-09-30,302
2020-11-18,302
2021-02-10,302
2021-02-28,302
2021-04-24,302
2021-11-08,302
2021-11-24,302
2021-12-11,302
2021-12-28,302
2022-01-01,302
2022-02-12,302
2022-03-17,302
2022-05-11,302
2022-06-10,302
2022-07-05,302
2022-08-24,302
2022-09-23,302
2022-12-12,302
2022-12-29,302
2023-05-16,302
2023-07-15,302
2019-02-07,301
2019-02-16,301
2019-03-08,301
2019-05-03,301
2019-05-07,301
2019-11-04,301
2019-11-20,301
2019-11-26,301
2020-01-02,301
2020-01-29,301
2020-06-15,301
2020-09-26,301
2020-11-23,301
2021-02-11,301
2021-03-07,301
2021-04-10,301
2021-05-16,301
2021-05-28,301
2021-07-07,301
2021-07-16,301
2021-08-16,301
2021-08-30,301
2021-11-12,301
2021-11-23,301
2022-01-02,301
2022-01-27,301
2022-02-25,301
2022-04-12,301
2022-08-02,301
2022-09-02,301
2022-11-21,301
2023-01-30,301
2023-03-04,301
2023-07-26,301
2023-11-24,301
2019-01-04,300
2019-01-26,300
2019-04-05,300
2019-06-03,300
2019-06-04,300
2019-07-22,300
2019-08-13,300
2019-09-29,300
2019-10-05,300
2019-11-17,300
2019-11-23,300
2020-01-19,300
2020-03-29,300
2020-04-10,300
2020-04-13,300
2020-08-05,300
2020-08-09,300
2020-08-17,300
2020-08-26,300
2020-09-04,300
2020-10-13,300
2020-12-11,300
2021-01-20,300
2021-01-26,300
2021-05-01,300
2021-07-01,300
2021-08-21,300
2021-08-29,300
2021-12-16,300
2021-12-20,300
2022-03-09,300
2022-03-28,300
2022-03-29,300
2022-04-19,300
2022-05-07,300
2022-06-03,300
2022-06-27,300
2022-10-12,300
2022-10-21,300
2022-11-10,300
2022-11-16,300
2023-04-16,300
2023-04-22,300
2023-11-07,300
2023-12-15,300
2019-02-12,299
2019-04-21,299
2019-05-08,299
2019-05-12,299
2019-07-14,299
2020-01-08,299
2020-03-04,299
2020-05-21,299
2020-06-30,299
2020-07-27,299
2020-08-08,299
2020-09-09,299
2020-09-22,299
2020-10-04,299
2020-10-28,299
2021-01-23,299
2021-04-09,299
2021-05-14,299
2021-05-19,299
2021-06-09,299
2021-07-30,299
2021-09-16,299
2021-09-22,299
2021-10-31,299
2021-12-10,299
2022-01-22,299
2022-01-31,299
2022-02-07,299
2022-02-21,299
2022-02-26,299
2022-03-03,299
2022-04-16,299
2022-05-04,299
2022-10-06,299
2022-11-15,299
2022-12-04,299
2023-02-08,299
2023-02-28,299
2023-04-10,299
2023-06-10,299
2023-06-27,299
2023-07-24,299
2023-09-05,299
2023-09-09,299
2023-11-27,299
2019-01-01,298
2019-01-25,298
2019-01-30,298
2019-02-03,298
2019-03-05,298
2019-06-15,298
2019-07-21,298
2019-08-10,298
2019-08-31,298
2019-10-02,298
2019-11-08,298
2019-12-10,298
2019-12-12,298
2020-02-18,298
2020-03-12,298
2020-04-21,298
2020-05-26,298
2020-06-26,298
2020-08-07,298
2020-09-13,298
2020-10-06,298
2020-10-18,298
2020-12-28,298
2020-12-31,298
2021-02-01,298
2021-05-22,298
2021-05-24,298
2021-05-27,298
2021-06-27,298
2021-08-26,298
2021-08-28,298
2021-09-23,298
2021-09-28,298
2021-11-18,298
2021-12-14,298
2021-12-15,298
2021-12-23,298
2022-01-14,298
2022-01-28,298
2022-04-22,298
2022-08-07,298
2022-09-26,298
2022-11-25,298
2022-12-01,298
2023-01-24,298
2023-02-19,298
2023-02-22,298
2023-03-02,298
2023-03-21,298
2023-06-20,298
2023-08-25,298
2023-09-23,298
2023-10-22,298
2023-10-29,298
2019-01-31,297
2019-03-24,297
2019-03-28,297
2019-07-16,297
2019-11-27,297
2019-12-01,297
2019-12-19,297
2020-02-04,297
2020-04-26,297
2020-05-25,297
2020-07-01,297
2020-09-06,297
2021-01-14,297
2021-01-19,297
2021-02-18,297
2021-02-22,297
2021-04-01,297
2021-06-03,297
2021-09-13,297
2021-11-01,297
2021-11-11,297
2021-11-20,297
2022-02-19,297
2022-04-29,297
2022-09-03,297
2022-12-26,297
2023-03-20,297
2023-05-29,297
2023-06-25,297
2023-06-28,297
2023-08-16,297
2023-11-23,297
2023-12-10,297
2019-01-12,296
2019-01-13,296
2019-01-18,296
2019-03-12,296
2019-03-21,296
2019-04-02,296
2019-04-13,296
2019-04-24,296
2019-05-10,296
2019-07-07,296
2019-08-17,296
2019-09-14,296
2019-11-13,296
2019-11-19,296
2020-02-25,296
2020-04-29,296
2020-07-03,296
2020-08-20,296
2020-08-21,296
2020-09-02,296
2020-11-17,296
2020-12-06,296
2020-12-29,296
2021-05-11,296
2021-06-17,296
2021-07-24,296
2021-08-09,296
2021-08-13,296
2021-10-07,296
2021-11-06,296
2021-11-09,296
2022-04-18,296
2022-05-22,296
2022-09-30,296
2022-10-03,296
2022-11-22,296
2023-01-21,296
2023-02-05,296
2023-02-18,296
2023-03-15,296
2023-06-24,296
2023-07-06,296
2023-07-08,296
2023-09-03,296
2023-10-18,296
2023-12-22,296
2023-12-31,296
2019-03-22,295
2019-05-02,295
2019-09-10,295
2019-11-03,295
2020-01-09,295
2020-02-24,295
2020-04-01,295
2020-04-02,295
2020-04-14,295
2020-05-20,295
2020-10-05,295
2020-10-23,295
2020-11-28,295
2020-12-23,295
2021-01-11,295
2021-02-08,295
2021-03-14,295
2021-04-25,295
2021-04-26,295
2021-05-20,295
2021-06-14,295
2021-07-06,295
2021-07-17,295
2021-10-12,295
2021-12-27,295
2022-01-15,295
2022-01-18,295
2022-03-04,295
2022-03-23,295
2022-11-07,295
2022-12-23,295
2023-01-17,295
2023-02-02,295
2023-04-25,295
2023-05-08,295
2023-06-08,295
2023-08-09,295
2023-08-30,295
2023-09-07,295
2023-09-28,295
2024-01-01,295
2019-03-30,294
2019-08-05,294
2019-08-09,294
2019-08-28,294
2019-09-03,294
2019-09-15,294
2019-10-07,294
2019-10-28,294
2019-12-17,294
2020-02-22,294
2020-03-14,294
2020-04-07,294
2020-05-08,294
2020-06-24,294
2020-11-15,294
2020-11-22,294
2021-01-12,294
2021-06-22,294
2021-06-25,294
2021-06-30,294
2021-07-22,294
2021-08-23,294
2021-10-23,294
2021-11-05,294
2021-12-06,294
2022-01-26,294
2022-07-27,294
2022-07-28,294
2022-09-27,294
2022-10-01,294
2022-10-15,294
2022-11-09,294
2022-12-21,294
2023-02-13,294
2023-03-12,294
2023-05-18,294
2023-08-01,294
2023-09-29,294
2023-10-11,294
2023-12-18,294
2019-01-29,293
2019-03-17,293
2019-05-14,293
2019-07-17,293
2019-08-16,293
2019-10-21,293
2019-10-31,293
2019-12-04,293
2020-01-03,293
2020-02-26,293
2020-03-03,293
2020-05-28,293
2021-02-07,293
2021-08-11,293
2021-12-07,293
2021-12-08,293
2022-05-08,293
2022-05-31,293
2022-10-09,293
2022-10-14,293
2022-11-28,293
2023-02-27,293
2023-05-11,293
2023-08-04,293
2023-08-17,293
2023-09-04,293
2023-10-31,293
2023-11-19,293
2023-12-06,293
2019-01-03,292
2019-06-25,292
2019-10-06,292
2019-12-08,292
2019-12-20,292
2020-01-07,292
2020-01-11,292
2020-02-16,292
2020-03-10,292
2020-04-05,292
2020-06-06,292
2020-07-21,292
2020-09-27,292
2020-10-17,292
2020-12-20,292
2021-03-30,292
2021-06-07,292
2021-08-07,292
2021-08-08,292
2021-08-19,292
2021-09-04,292
2021-10-15,292
2021-10-18,292
2021-11-28,292
2022-02-10,292
2022-02-15,292
2022-02-22,292
2022-04-30,292
2022-06-16,292
2022-06-22,292
2022-08-10,292
2022-08-21,292
2022-10-29,292
2022-11-08,292
2023-03-24,292
2023-05-01,292
2023-05-07,292
2023-09-10,292
2023-10-28,292
2023-12-25,292
2023-12-26,292
2019-02-04,291
2019-03-16,291
2019-06-06,291
2019-07-01,291
2019-10-08,291
2019-11-16,291
2020-02-17,291
2020-03-06,291
2020-04-25,291
2020-06-10,291
2020-07-12,291
2021-01-02,291
2021-01-06,291
2021-07-03,291
2021-07-19,291
2021-07-20,291
2021-09-30,291
2022-01-04,291
2022-02-05,291
2022-02-23,291
2022-06-11,291
2022-06-20,291
2022-07-26,291
2022-11-30,291
2023-01-06,291
2023-01-13,291
2023-03-27,291
2023-06-11,291
2023-08-02,291
2023-08-12,291
2023-08-22,291
2023-10-26,291
2023-12-04,291
2023-12-12,291
2019-01-28,290
2019-05-09,290
2019-05-24,290
2019-09-20,290
2020-01-23,290
2020-02-08,290
2020-04-19,290
2020-10-02,290
2020-10-03,290
2020-11-05,290
2021-01-18,290
2021-02-14,290
2021-03-16,290
2021-03-18,290
2021-03-23,290
2021-03-29,290
2021-06-20,290
2021-07-11,290
2021-11-30,290
2021-12-04,290
2022-04-04,290
2022-04-14,290
2022-07-19,290
2022-09-20,290
2023-03-19,290
2023-04-09,290
2023-04-13,290
2023-04-24,290
2023-07-21,290
2023-08-31,290
2023-09-02,290
2023-09-17,290
2019-01-17,289
2019-03-03,289
2019-06-24,289
2019-08-27,289
2019-09-21,289
2019-10-22,289
2020-01-30,289
2020-03-17,289
2020-04-15,289
2020-04-18,289
2020-05-09,289
2020-05-15,289
2020-05-18,289
2020-05-30,289
2020-12-01,289
2020-12-30,289
2021-02-06,289
2021-03-09,289
2021-08-03,289
2021-11-22,289
2021-12-05,289
2022-01-24,289
2022-03-11,289
2022-03-12,289
2022-04-15,289
2022-04-20,289
2022-06-06,289
2022-08-12,289
2023-02-06,289
2023-02-10,289
2023-02-26,289
2023-03-03,289
2023-03-11,289
2023-04-06,289
2023-04-07,289
2023-06-21,289
2023-07-19,289
2023-09-08,289
2019-03-19,288
2019-05-23,288
2019-08-08,288
2019-09-11,288
2019-09-18,288
2020-02-21,288
2020-03-23,288
2020-06-28,288
2020-09-20,288
2020-10-15,288
2020-10-21,288
2021-03-02,288
2021-05-25,288
2021-07-25,288
2021-07-28,288
2021-10-17,288
2021-11-14,288
2022-09-22,288
2022-10-02,288
2022-12-07,288
2023-03-07,288
2023-04-01,288
2023-05-10,288
2023-06-13,288
2023-07-16,288
2023-07-28,288
2023-12-24,288
2019-02-19,287
2019-05-17,287
2019-06-08,287
2019-06-10,287
2019-08-20,287
2019-09-07,287
2019-12-11,287
2020-06-02,287
2020-06-17,287
2020-07-22,287
2020-08-24,287
2020-12-14,287
2021-01-22,287
2021-02-26,287
2021-03-01,287
2021-05-17,287
2021-05-31,287
2021-08-05,287
2021-09-11,287
2022-03-16,287
2022-04-21,287
2022-05-29,287
2022-05-30,287
2022-07-06,287
2023-01-01,287
2023-01-18,287
2023-01-25,287
2023-01-26,287
2023-02-09,287
2023-08-15,287
2023-11-03,287
2023-12-07,287
2023-12-09,287
2023-12-20,287
2019-03-13,286
2019-04-03,286
2019-04-11,286
2019-04-30,286
2019-05-30,286
2019-07-12,286
2019-07-19,286
2019-09-09,286
2019-10-27,286
2019-12-05,286
2020-01-26,286
2020-02-05,286
2020-07-14,286
2020-07-20,286
2020-08-13,286
2021-03-04,286
2021-03-17,286
2021-11-27,286
2022-02-17,286
2022-04-17,286
2022-05-09,286
2022-06-05,286
2022-10-08,286
2022-10-17,286
2022-11-12,286
2022-12-06,286
2022-12-11,286
2023-03-25,286
2023-06-09,286
2023-07-22,286
2023-08-29,286
2023-09-25,286
2023-10-06,286
2023-10-15,286
2019-03-29,285
2019-04-01,285
2019-04-18,285
2019-09-02,285
2019-10-23,285
2019-10-24,285
2020-03-09,285
2020-05-14,285
2020-11-03,285
2020-12-09,285
2020-12-12,285
2020-12-18,285
2020-12-25,285
2021-01-04,285
2021-01-21,285
2021-10-19,285
2022-02-28,285
2022-04-10,285
2022-07-01,285
2022-08-29,285
2022-09-04,285
2022-09-07,285
2023-01-12,285
2023-02-21,285
2023-02-24,285
2023-11-21,285
2023-12-30,285
2019-02-11,284
2019-03-14,284
2019-03-25,284
2019-06-16,284
2019-12-28,284
2020-06-29,284
2020-07-09,284
2020-07-15,284
2020-07-16,284
2020-08-10,284
2020-08-22,284
2020-09-17,284
2020-10-16,284
2020-10-31,284
2020-12-21,284
2021-01-24,284
2021-03-08,284
2021-06-29,284
2021-09-02,284
2022-03-27,284
2022-06-12,284
2022-09-05,284
2022-12-15,284
2023-01-05,284
2023-02-03,284
2023-03-01,284
2023-08-10,284
2023-11-02,284
2019-01-05,283
2019-04-06,283
2019-04-28,283
2019-06-17,283
2019-06-22,283
2020-02-09,283
2020-02-13,283
2020-03-30,283
2020-06-19,283
2020-06-25,283
2020-10-07,283
2020-10-12,283
2020-10-20,283
2020-12-08,283
2021-01-13,283
2021-04-15,283
2021-07-12,283
2021-12-01,283
2022-02-11,283
2022-02-20,283
2022-08-17,283
2023-02-07,283
2023-02-23,283
2023-04-30,283
2023-05-17,283
2023-08-24,283
2023-11-09,283
2019-04-10,282
2019-09-24,282
2019-11-25,282
2019-11-30,282
2019-12-02,282
2020-03-05,282
2020-03-11,282
2020-04-27,282
2020-05-03,282
2020-06-14,282
2020-07-25,282
2020-08-25,282
2021-05-05,282
2021-05-13,282
2021-06-05,282
2021-06-26,282
2021-09-05,282
2021-11-25,282
2022-01-19,282
2022-03-30,282
2022-04-07,282
2022-05-19,282
2022-09-13,282
2022-12-08,282
2022-12-13,282
2023-10-21,282
2023-10-30,282
2023-12-11,282
2023-12-29,282
2020-01-13,281
2020-02-20,281
2020-10-26,281
2021-04-13,281
2021-06-23,281
2021-07-02,281
2021-10-02,281
2021-12-25,281
2022-04-05,281
2022-05-06,281
2022-05-14,281
2022-07-11,281
2022-09-19,281
2022-10-31,281
2023-06-01,281
2023-08-08,281
2023-09-14,281
2023-12-16,281
2019-01-21,280
2019-05-28,280
2019-11-06,280
2020-02-07,280
2020-04-17,280
2020-05-12,280
2020-06-11,280
2020-07-10,280
2020-11-06,280
2020-11-10,280
2020-11-21,280
2020-11-25,280
2021-03-12,280
2021-03-21,280
2021-12-24,280
2022-04-01,280
2022-04-26,280
2022-05-10,280
2022-08-18,280
2023-05-24,280
2023-07-03,280
2023-10-17,280
2023-10-27,280
2019-07-05,279
2019-09-28,279
2019-12-26,279
2020-03-25,279
2021-02-21,279
2021-03-20,279
2021-09-18,279
2021-10-16,279
2021-12-31,279
2022-09-17,279
2022-12-14,279
2022-12-18,279
2023-04-29,279
2023-05-05,279
2023-05-27,279
2023-06-03,279
2023-06-18,279
2023-10-14,279
2019-02-21,278
2019-03-26,278
2019-04-29,278
2019-11-09,278
2020-04-06,278
2020-08-14,278
2021-04-19,278
2021-06-28,278
2021-07-04,278
2022-01-07,278
2022-10-27,278
2023-04-14,278
2023-05-22,278
2023-11-28,278
2019-02-09,277
2019-07-09,277
2019-08-02,277
2019-11-10,277
2019-11-14,277
2021-04-22,277
2021-05-03,277
2021-06-19,277
2021-09-08,277
2021-10-26,277
2022-05-15,277
2022-08-19,277
2022-10-16,277
2022-12-30,277
2023-04-20,277
2023-05-23,277
2023-08-13,277
2023-09-11,277
2023-09-30,277
2023-10-16,277
2023-11-10,277
2019-02-01,276
2021-03-03,276
2021-04-06,276
2021-12-26,276
2023-05-13,276
2023-05-15,276
2023-12-13,276
2019-11-01,275
2020-06-03,275
2022-01-17,275
2022-07-25,275
2022-08-30,275
2022-12-16,275
2023-07-05,275
2023-09-13,275
2023-09-21,275
2019-08-24,274
2019-09-12,274
2020-05-13,274
2020-09-16,274
2020-11-08,274
2021-01-28,274
2021-03-13,274
2021-08-17,274
2021-10-10,274
2023-07-09,274
2019-01-02,273
2019-08-15,273
2019-09-01,273
2020-01-22,273
2020-09-24,273
2020-11-01,273
2021-09-25,273
2022-02-18,273
2022-03-25,273
2022-04-25,273
2022-04-27,273
2022-05-25,273
2023-02-12,273
2023-03-23,273
2023-09-19,273
2019-02-05,272
2019-12-18,272
2020-01-28,272
2020-03-28,272
2020-06-13,272
2021-04-05,272
2021-08-01,272
2022-03-06,272
2022-10-20,272
2023-11-13,272
2023-11-26,272
2019-04-09,271
2020-02-28,271
2021-10-27,271
2021-11-29,271
2022-03-19,271
2022-07-15,271
2022-12-02,271
2023-08-06,271
2023-10-13,271
2019-11-22,270
2020-02-12,270
2021-02-13,270
2021-05-10,270
2022-04-09,270
2022-12-24,270
2023-01-07,270
2023-05-12,270
2019-03-11,269
2019-07-08,269
2019-07-20,269
2020-10-27,269
2021-11-19,269
2022-01-16,269
2022-01-25,269
2022-06-28,269
2019-05-22,268
2019-05-29,268
2020-03-13,268
2021-07-21,268
2022-05-16,268
2023-01-10,268
2019-01-24,267
2019-02-25,267
2019-09-13,267
2019-09-22,267
2020-04-30,267
2020-12-15,267
2021-08-31,267
2019-02-24,266
2020-01-01,266
2021-05-02,266
2023-07-23,266
2023-11-14,266
2023-12-14,266
2019-11-21,265
2020-10-08,265
2023-01-04,265
2019-02-28,264
2019-06-30,264
2019-12-14,264
2020-03-18,264
2021-05-04,264
2022-09-01,264
2019-09-30,263
2020-02-14,263
2023-01-15,263
2020-03-26,262
2020-08-29,262
2022-08-26,262
2023-04-17,262
2023-06-29,262
2020-04-12,260
2020-12-17,260
2021-06-16,260
2023-03-31,260
2023-11-15,260
2020-05-06,259
2021-08-12,258
2022-01-29,258
2022-03-10,258
2019-02-02,257
2019-02-15,257
2019-03-20,257
2019-06-05,256
2020-09-01,256
2021-07-29,256
2020-10-25,255
2023-11-16,251
2023-03-17,248
2020-11-29,246
2022-06-26,242
2023-04-02,241
